{
  "project_info": {
    "project_number": "202988366690",
    "firebase_url": "https://myfirstproject-5e9dd.firebaseio.com/",
    "project_id": "myfirstproject-5e9dd",
    "storage_bucket": "myfirstproject-5e9dd.appspot.com"
  },
  "client": [
    {
      "client_info": {
        "mobilesdk_app_id": "1:202988366690:android:061d458b8ed2a591",
        "android_client_info": {
          "package_name": "com.example.eg00.myfirstproject"
        }
      },
      "oauth_client": [
        {
          "client_id": "202988366690-s0h2c1ug0ibh4prig04moegif4f3s0h4.apps.googleusercontent.com",
          "client_type": 1,
          "android_info": {
            "package_name": "com.example.eg00.myfirstproject",
            "certificate_hash": "bca992ba47fc05a0b76fe977601d5094df90005b"
          }
        },
        {
          "client_id": "202988366690-j7l8hjlb66unp6bsc57n61lvvduflaaj.apps.googleusercontent.com",
          "client_type": 3
        }
      ],
      "api_key": [
        {
          "current_key": "AIzaSyAbftR-1TsyvcrFAb-nzUD71OOrT1lAcjs"
        }
      ],
      "services": {
        "analytics_service": {
          "status": 1
        },
        "appinvite_service": {
          "status": 2,
          "other_platform_oauth_client": [
            {
              "client_id": "202988366690-j7l8hjlb66unp6bsc57n61lvvduflaaj.apps.googleusercontent.com",
              "client_type": 3
            }
          ]
        },
        "ads_service": {
          "status": 2
        }
      }
    }
  ],
  "configuration_version": "1"
}